Activity Type,Date,Favorite,Title,Distance,Calories,Time,Avg HR,Max HR,Aerobic TE,Avg Cadence,Max Cadence,Avg Pace,Best Pace,Elev Gain,Elev Loss,Avg Stride Length,Avg Vertical Ratio,Avg Vertical Oscillation,Avg Ground Contact Time,Avg GCT Balance,Avg Cadence,Max Cadence,Normalized Power® (NP®),L/R Balance,Training Stress Score®,Max Avg Power (20 min),Power,Max Power,Total Strokes,Avg. Swolf,Avg Stroke Rate,Max Depth,Bottom Time,Min Water Temp,Gas Type,Surface Interval,Weight,Current,Surface Conditions,Decompression,Water Type
running,2017-12-27 12:31:33,false,"Seattle Running","10.01","747","49:29","--","--","0.0","--","--","4:57","0:55","30","61","0.00","0.0","0.0","--","--","--","--","--","--","0.0","--","--","--","--","--","--","--","0:00","0.0","--","0:00","--","--","--","No","--"
running,2017-12-24 11:42:02,false,"Seattle Running","21.15","1,560","1:43:22","--","--","0.0","--","--","4:53","0:26","65","109","0.00","0.0","0.0","--","--","--","--","--","--","0.0","--","--","--","--","--","--","--","0:00","0.0","--","0:00","--","--","--","No","--"
running,2017-12-20 06:56:43,false,"Seattle Running","7.41","548","36:40","--","--","0.0","--","--","4:57","2:32","15","58","0.00","0.0","0.0","--","--","--","--","--","--","0.0","--","--","--","--","--","--","--","0:00","0.0","--","0:00","--","--","--","No","--"
running,2017-12-17 10:56:39,false,"Seattle Running","21.31","1,567","1:45:40","--","--","0.0","--","--","4:57","0:42","76","123","0.00","0.0","0.0","--","--","--","--","--","--","0.0","--","--","--","--","--","--","--","0:00","0.0","--","0:00","--","--","--","No","--"
running,2017-12-12 08:43:06,false,"Seattle Running","7.39","538","38:44","--","--","0.0","--","--","5:15","2:24","11","59","0.00","0.0","0.0","--","--","--","--","--","--","0.0","--","--","--","--","--","--","--","0:00","0.0","--","0:00","--","--","--","No","--"
running,2017-12-10 12:37:11,false,"Seattle Running","21.09","1,555","1:47:10","--","--","0.0","--","--","5:05","2:19","75","107","0.00","0.0","0.0","--","--","--","--","--","--","0.0","--","--","--","--","--","--","--","0:00","0.0","--","0:00","--","--","--","No","--"
running,2017-12-03 11:51:10,false,"Seattle Running","21.17","1,568","1:45:53","--","--","0.0","--","--","5:00","0:37","101","107","0.00","0.0","0.0","--","--","--","--","--","--","0.0","--","--","--","--","--","--","--","0:00","0.0","--","0:00","--","--","--","No","--"
running,2017-11-29 08:20:14,false,"Seattle Running","7.34","542","36:02","--","--","0.0","--","--","4:55","1:35","10","58","0.00","0.0","0.0","--","--","--","--","--","--","0.0","--","--","--","--","--","--","--","0:00","0.0","--","0:00","--","--","--","No","--"
running,2017-11-24 10:25:06,false,"Seattle Running","21.35","1,559","1:52:55","--","--","0.0","--","--","5:17","1:22","87","88","0.00","0.0","0.0","--","--","--","--","--","--","0.0","--","--","--","--","--","--","--","0:00","0.0","--","0:00","--","--","--","No","--"
running,2017-11-18 13:08:11,false,"Seattle Running","21.12","1,552","1:47:13","--","--","0.0","--","--","5:05","0:41","95","102","0.00","0.0","0.0","--","--","--","--","--","--","0.0","--","--","--","--","--","--","--","0:00","0.0","--","0:00","--","--","--","No","--"
running,2017-11-16 08:27:30,false,"Seattle Running","7.30","541","38:10","--","--","0.0","--","--","5:13","1:38","20","67","0.00","0.0","0.0","--","--","--","--","--","--","0.0","--","--","--","--","--","--","--","0:00","0.0","--","0:00","--","--","--","No","--"
running,2017-11-14 08:11:58,false,"Seattle Running","7.30","533","37:32","--","--","0.0","--","--","5:09","0:31","13","59","0.00","0.0","0.0","--","--","--","--","--","--","0.0","--","--","--","--","--","--","--","0:00","0.0","--","0:00","--","--","--","No","--"
running,2017-11-11 11:37:58,false,"Seattle Running","21.21","1,561","1:46:02","--","--","0.0","--","--","5:00","3:40","64","63","0.00","0.0","0.0","--","--","--","--","--","--","0.0","--","--","--","--","--","--","--","0:00","0.0","--","0:00","--","--","--","No","--"
running,2017-11-05 11:10:07,false,"Seattle Running","21.17","1,560","1:44:33","--","--","0.0","--","--","4:56","3:11","72","72","0.00","0.0","0.0","--","--","--","--","--","--","0.0","--","--","--","--","--","--","--","0:00","0.0","--","0:00","--","--","--","No","--"
running,2017-11-01 08:08:07,false,"Seattle Running","7.37","549","37:25","--","--","0.0","--","--","5:04","1:03","10","59","0.00","0.0","0.0","--","--","--","--","--","--","0.0","--","--","--","--","--","--","--","0:00","0.0","--","0:00","--","--","--","No","--"
running,2017-10-28 10:14:57,false,"Seattle Running","22.39","1,643","1:54:33","--","--","0.0","--","--","5:07","4:38","3","3","0.00","0.0","0.0","--","--","--","--","--","--","0.0","--","--","--","--","--","--","--","0:00","0.0","--","0:00","--","--","--","No","--"
running,2017-10-26 08:28:36,false,"Running","0.00","--","37:56","--","--","0.0","--","--","--","--","--","--","0.00","0.0","0.0","--","--","--","--","--","--","0.0","--","--","--","--","--","--","--","0:00","0.0","--","0:00","--","--","--","No","--"
running,2017-10-22 14:02:19,false,"Seattle Running","13.02","953","1:00:10","--","--","0.0","--","--","4:37","3:36","45","47","0.00","0.0","0.0","--","--","--","--","--","--","0.0","--","--","--","--","--","--","--","0:00","0.0","--","0:00","--","--","--","No","--"
running,2017-10-20 06:02:33,false,"Orlando Running","3.27","238","18:55","--","--","0.0","--","--","5:47","5:10","--","--","0.00","0.0","0.0","--","--","--","--","--","--","0.0","--","--","--","--","--","--","--","0:00","0.0","--","0:00","--","--","--","No","--"
running,2017-10-15 11:27:10,false,"Seattle Running","21.13","1,541","1:52:30","--","--","0.0","--","--","5:19","1:18","85","81","0.00","0.0","0.0","--","--","--","--","--","--","0.0","--","--","--","--","--","--","--","0:00","0.0","--","0:00","--","--","--","No","--"
running,2017-10-10 08:34:17,false,"Seattle Running","7.37","541","40:15","--","--","0.0","--","--","5:28","0:30","25","65","0.00","0.0","0.0","--","--","--","--","--","--","0.0","--","--","--","--","--","--","--","0:00","0.0","--","0:00","--","--","--","No","--"
running,2017-10-08 11:24:15,false,"Seattle Running","21.23","1,552","1:49:40","--","--","0.0","--","--","5:10","3:35","76","74","0.00","0.0","0.0","--","--","--","--","--","--","0.0","--","--","--","--","--","--","--","0:00","0.0","--","0:00","--","--","--","No","--"
running,2017-10-01 10:47:28,false,"Seattle Running","21.30","1,550","1:48:27","--","--","0.0","--","--","5:05","0:26","72","74","0.00","0.0","0.0","--","--","--","--","--","--","0.0","--","--","--","--","--","--","--","0:00","0.0","--","0:00","--","--","--","No","--"
running,2017-09-25 08:35:57,false,"Seattle Running","7.31","537","39:06","--","--","0.0","--","--","5:21","2:07","11","60","0.00","0.0","0.0","--","--","--","--","--","--","0.0","--","--","--","--","--","--","--","0:00","0.0","--","0:00","--","--","--","No","--"
running,2017-09-19 08:34:28,false,"Seattle Running","7.32","535","38:26","--","--","0.0","--","--","5:15","1:31","17","62","0.00","0.0","0.0","--","--","--","--","--","--","0.0","--","--","--","--","--","--","--","0:00","0.0","--","0:00","--","--","--","No","--"
running,2017-09-14 08:40:35,false,"Seattle Running","7.30","538","38:22","--","--","0.0","--","--","5:15","1:05","14","62","0.00","0.0","0.0","--","--","--","--","--","--","0.0","--","--","--","--","--","--","--","0:00","0.0","--","0:00","--","--","--","No","--"
running,2017-09-11 08:37:10,false,"Seattle Running","7.25","538","40:01","--","--","0.0","--","--","5:31","1:00","22","68","0.00","0.0","0.0","--","--","--","--","--","--","0.0","--","--","--","--","--","--","--","0:00","0.0","--","0:00","--","--","--","No","--"
running,2017-08-29 08:38:06,false,"Seattle Running","7.12","530","37:51","--","--","0.0","--","--","5:19","0:48","9","61","0.00","0.0","0.0","--","--","--","--","--","--","0.0","--","--","--","--","--","--","--","0:00","0.0","--","0:00","--","--","--","No","--"
running,2017-08-27 11:50:46,false,"Seattle Running","10.02","737","50:58","--","--","0.0","--","--","5:05","2:40","35","33","0.00","0.0","0.0","--","--","--","--","--","--","0.0","--","--","--","--","--","--","--","0:00","0.0","--","0:00","--","--","--","No","--"
running,2017-08-19 11:37:01,false,"Enumclaw Running","12.86","929","1:32:05","--","--","0.0","--","--","7:10","3:36","264","981","0.00","0.0","0.0","--","--","--","--","--","--","0.0","--","--","--","--","--","--","--","0:00","0.0","--","0:00","--","--","--","No","--"
running,2017-08-19 03:29:49,false,"Enumclaw Running","4.46","322","28:46","--","--","0.0","--","--","6:27","1:17","177","180","0.00","0.0","0.0","--","--","--","--","--","--","0.0","--","--","--","--","--","--","--","0:00","0.0","--","0:00","--","--","--","No","--"
running,2017-08-18 18:54:21,false,"Enumclaw Running","7.11","466","1:06:06","--","--","0.0","--","--","9:18","1:23","717","14","0.00","0.0","0.0","--","--","--","--","--","--","0.0","--","--","--","--","--","--","--","0:00","0.0","--","0:00","--","--","--","No","--"
running,2017-08-12 11:30:05,false,"Seattle Running","16.24","1,191","1:23:35","--","--","0.0","--","--","5:09","4:24","48","48","0.00","0.0","0.0","--","--","--","--","--","--","0.0","--","--","--","--","--","--","--","0:00","0.0","--","0:00","--","--","--","No","--"
running,2017-07-30 12:27:26,false,"Seattle Running","6.12","451","30:49","--","--","0.0","--","--","5:02","3:38","15","33","0.00","0.0","0.0","--","--","--","--","--","--","0.0","--","--","--","--","--","--","--","0:00","0.0","--","0:00","--","--","--","No","--"
running,2017-07-30 11:10:25,false,"Seattle Running","15.18","1,122","1:14:03","--","--","0.0","--","--","4:53","3:53","50","37","0.00","0.0","0.0","--","--","--","--","--","--","0.0","--","--","--","--","--","--","--","0:00","0.0","--","0:00","--","--","--","No","--"
running,2017-07-28 08:44:03,false,"Seattle Running","6.43","475","31:12","--","--","0.0","--","--","4:51","3:38","13","23","0.00","0.0","0.0","--","--","--","--","--","--","0.0","--","--","--","--","--","--","--","0:00","0.0","--","0:00","--","--","--","No","--"
running,2017-07-27 08:38:48,false,"Seattle Running","6.55","486","31:09","--","--","0.0","--","--","4:45","3:05","24","30","0.00","0.0","0.0","--","--","--","--","--","--","0.0","--","--","--","--","--","--","--","0:00","0.0","--","0:00","--","--","--","No","--"
running,2017-07-26 08:29:41,false,"Seattle Running","6.49","481","4:03:25","--","--","0.0","--","--","37:32","3:29","14","22","0.00","0.0","0.0","--","--","--","--","--","--","0.0","--","--","--","--","--","--","--","0:00","0.0","--","0:00","--","--","--","No","--"
running,2017-07-22 17:40:19,false,"Seattle Running","21.14","1,555","1:45:14","--","--","0.0","--","--","4:59","1:14","67","66","0.00","0.0","0.0","--","--","--","--","--","--","0.0","--","--","--","--","--","--","--","0:00","0.0","--","0:00","--","--","--","No","--"
running,2017-07-21 08:58:09,false,"Seattle Running","7.02","515","34:18","--","--","0.0","--","--","4:53","2:57","18","58","0.00","0.0","0.0","--","--","--","--","--","--","0.0","--","--","--","--","--","--","--","0:00","0.0","--","0:00","--","--","--","No","--"
running,2017-07-19 08:06:07,false,"Seattle Running","6.28","464","29:39","--","--","0.0","--","--","4:43","1:29","11","20","0.00","0.0","0.0","--","--","--","--","--","--","0.0","--","--","--","--","--","--","--","0:00","0.0","--","0:00","--","--","--","No","--"
running,2017-07-17 08:39:10,false,"Seattle Running","6.26","470","30:30","--","--","0.0","--","--","4:52","0:31","16","20","0.00","0.0","0.0","--","--","--","--","--","--","0.0","--","--","--","--","--","--","--","0:00","0.0","--","0:00","--","--","--","No","--"
running,2017-07-15 09:26:00,false,"Issaquah Running","5.48","390","37:18","--","--","0.0","--","--","6:48","2:55","42","553","0.00","0.0","0.0","--","--","--","--","--","--","0.0","--","--","--","--","--","--","--","0:00","0.0","--","0:00","--","--","--","No","--"
running,2017-07-15 08:22:39,false,"Issaquah Running","5.49","384","49:33","--","--","0.0","--","--","9:02","2:29","572","56","0.00","0.0","0.0","--","--","--","--","--","--","0.0","--","--","--","--","--","--","--","0:00","0.0","--","0:00","--","--","--","No","--"
running,2017-07-12 08:42:38,false,"Seattle Running","6.30","467","29:23","--","--","0.0","--","--","4:40","2:33","17","30","0.00","0.0","0.0","--","--","--","--","--","--","0.0","--","--","--","--","--","--","--","0:00","0.0","--","0:00","--","--","--","No","--"
running,2017-07-11 08:40:32,false,"Seattle Running","6.27","457","28:19","--","--","0.0","--","--","4:31","3:33","4","20","0.00","0.0","0.0","--","--","--","--","--","--","0.0","--","--","--","--","--","--","--","0:00","0.0","--","0:00","--","--","--","No","--"
running,2017-07-10 08:43:11,false,"Seattle Running","6.51","487","31:47","--","--","0.0","--","--","4:53","2:54","8","28","0.00","0.0","0.0","--","--","--","--","--","--","0.0","--","--","--","--","--","--","--","0:00","0.0","--","0:00","--","--","--","No","--"
running,2017-07-09 15:35:42,false,"Seattle Running","7.79","571","35:19","--","--","0.0","--","--","4:32","3:11","24","24","0.00","0.0","0.0","--","--","--","--","--","--","0.0","--","--","--","--","--","--","--","0:00","0.0","--","0:00","--","--","--","No","--"
running,2017-07-07 08:43:02,false,"Seattle Running","6.22","464","29:47","--","--","0.0","--","--","4:47","3:04","10","19","0.00","0.0","0.0","--","--","--","--","--","--","0.0","--","--","--","--","--","--","--","0:00","0.0","--","0:00","--","--","--","No","--"
running,2017-07-06 08:41:06,false,"Seattle Running","6.14","451","27:09","--","--","0.0","--","--","4:25","0:26","8","27","0.00","0.0","0.0","--","--","--","--","--","--","0.0","--","--","--","--","--","--","--","0:00","0.0","--","0:00","--","--","--","No","--"
running,2017-07-04 21:12:29,false,"Seattle Running","11.21","830","55:35","--","--","0.0","--","--","4:58","4:17","67","24","0.00","0.0","0.0","--","--","--","--","--","--","0.0","--","--","--","--","--","--","--","0:00","0.0","--","0:00","--","--","--","No","--"
running,2017-07-03 11:34:58,false,"Seattle Running","21.21","1,574","1:40:28","--","--","0.0","--","--","4:44","3:20","73","72","0.00","0.0","0.0","--","--","--","--","--","--","0.0","--","--","--","--","--","--","--","0:00","0.0","--","0:00","--","--","--","No","--"
running,2017-06-30 08:33:26,false,"Seattle Running","6.93","514","33:10","--","--","0.0","--","--","4:47","1:02","5","62","0.00","0.0","0.0","--","--","--","--","--","--","0.0","--","--","--","--","--","--","--","0:00","0.0","--","0:00","--","--","--","No","--"
running,2017-06-29 19:39:57,false,"Seattle Running","2.30","168","12:01","--","--","0.0","--","--","5:14","3:07","41","--","0.00","0.0","0.0","--","--","--","--","--","--","0.0","--","--","--","--","--","--","--","0:00","0.0","--","0:00","--","--","--","No","--"
running,2017-06-22 08:44:13,false,"Seattle Running","6.25","464","31:32","--","--","0.0","--","--","5:03","3:26","23","30","0.00","0.0","0.0","--","--","--","--","--","--","0.0","--","--","--","--","--","--","--","0:00","0.0","--","0:00","--","--","--","No","--"
running,2017-06-21 08:45:19,false,"Seattle Running","7.24","535","38:37","--","--","0.0","--","--","5:20","0:49","5","56","0.00","0.0","0.0","--","--","--","--","--","--","0.0","--","--","--","--","--","--","--","0:00","0.0","--","0:00","--","--","--","No","--"
running,2017-06-20 08:00:45,false,"Seattle Running","7.20","530","39:10","--","--","0.0","--","--","5:26","1:39","11","63","0.00","0.0","0.0","--","--","--","--","--","--","0.0","--","--","--","--","--","--","--","0:00","0.0","--","0:00","--","--","--","No","--"
running,2017-06-18 06:46:23,false,"Seattle Running","42.67","3,093","3:43:59","--","--","0.0","--","--","5:15","0:54","199","215","0.00","0.0","0.0","--","--","--","--","--","--","0.0","--","--","--","--","--","--","--","0:00","0.0","--","0:00","--","--","--","No","--"
running,2017-06-11 11:15:54,false,"Seattle Running","10.01","738","47:09","--","--","0.0","--","--","4:43","3:48","39","36","0.00","0.0","0.0","--","--","--","--","--","--","0.0","--","--","--","--","--","--","--","0:00","0.0","--","0:00","--","--","--","No","--"
running,2017-06-09 20:52:07,false,"Seattle Running","6.91","512","36:22","--","--","0.0","--","--","5:16","0:32","60","11","0.00","0.0","0.0","--","--","--","--","--","--","0.0","--","--","--","--","--","--","--","0:00","0.0","--","0:00","--","--","--","No","--"
running,2017-06-09 08:29:07,false,"Seattle Running","7.30","545","36:04","--","--","0.0","--","--","4:56","0:17","6","61","0.00","0.0","0.0","--","--","--","--","--","--","0.0","--","--","--","--","--","--","--","0:00","0.0","--","0:00","--","--","--","No","--"
running,2017-06-07 08:39:31,false,"Seattle Running","7.33","542","36:47","--","--","0.0","--","--","5:01","0:40","4","60","0.00","0.0","0.0","--","--","--","--","--","--","0.0","--","--","--","--","--","--","--","0:00","0.0","--","0:00","--","--","--","No","--"
running,2017-06-04 10:32:35,false,"Seattle Running","10.04","744","49:24","--","--","0.0","--","--","4:55","2:26","46","54","0.00","0.0","0.0","--","--","--","--","--","--","0.0","--","--","--","--","--","--","--","0:00","0.0","--","0:00","--","--","--","No","--"
running,2017-06-03 16:22:36,false,"Seattle Running","10.69","792","52:59","--","--","0.0","--","--","4:57","3:42","41","39","0.00","0.0","0.0","--","--","--","--","--","--","0.0","--","--","--","--","--","--","--","0:00","0.0","--","0:00","--","--","--","No","--"
running,2017-06-01 08:46:37,false,"Running","0.00","--","31:30","--","--","0.0","--","--","--","--","--","--","0.00","0.0","0.0","--","--","--","--","--","--","0.0","--","--","--","--","--","--","--","0:00","0.0","--","0:00","--","--","--","No","--"
running,2017-05-31 07:59:13,false,"Seattle Running","6.22","462","30:50","--","--","0.0","--","--","4:58","1:52","10","21","0.00","0.0","0.0","--","--","--","--","--","--","0.0","--","--","--","--","--","--","--","0:00","0.0","--","0:00","--","--","--","No","--"
running,2017-05-27 11:29:15,false,"Seattle Running","32.19","2,356","2:56:34","--","--","0.0","--","--","5:29","0:31","114","111","0.00","0.0","0.0","--","--","--","--","--","--","0.0","--","--","--","--","--","--","--","0:00","0.0","--","0:00","--","--","--","No","--"
running,2017-05-24 08:43:06,false,"Seattle Running","5.70","423","28:39","--","--","0.0","--","--","5:02","2:30","2","9","0.00","0.0","0.0","--","--","--","--","--","--","0.0","--","--","--","--","--","--","--","0:00","0.0","--","0:00","--","--","--","No","--"
running,2017-05-23 08:29:58,false,"Seattle Running","6.16","465","36:41","--","--","0.0","--","--","5:57","0:25","44","93","0.00","0.0","0.0","--","--","--","--","--","--","0.0","--","--","--","--","--","--","--","0:00","0.0","--","0:00","--","--","--","No","--"
running,2017-05-21 12:05:36,false,"Seattle Running","10.04","747","50:03","--","--","0.0","--","--","4:59","1:54","15","19","0.00","0.0","0.0","--","--","--","--","--","--","0.0","--","--","--","--","--","--","--","0:00","0.0","--","0:00","--","--","--","No","--"
running,2017-05-20 10:55:45,false,"Seattle Running","30.01","2,203","2:39:40","--","--","0.0","--","--","5:19","0:44","105","150","0.00","0.0","0.0","--","--","--","--","--","--","0.0","--","--","--","--","--","--","--","0:00","0.0","--","0:00","--","--","--","No","--"
running,2017-05-18 08:23:46,false,"Seattle Running","7.10","529","37:28","--","--","0.0","--","--","5:16","0:40","3","58","0.00","0.0","0.0","--","--","--","--","--","--","0.0","--","--","--","--","--","--","--","0:00","0.0","--","0:00","--","--","--","No","--"
running,2017-05-17 08:36:40,false,"Seattle Running","6.44","476","31:51","--","--","0.0","--","--","4:57","1:51","15","32","0.00","0.0","0.0","--","--","--","--","--","--","0.0","--","--","--","--","--","--","--","0:00","0.0","--","0:00","--","--","--","No","--"
running,2017-05-16 08:30:28,false,"Seattle Running","7.27","521","37:06","--","--","0.0","--","--","5:06","0:43","23","73","0.00","0.0","0.0","--","--","--","--","--","--","0.0","--","--","--","--","--","--","--","0:00","0.0","--","0:00","--","--","--","No","--"
running,2017-05-14 16:14:57,false,"Seattle Running","5.01","368","27:31","--","--","0.0","--","--","5:30","2:29","7","48","0.00","0.0","0.0","--","--","--","--","--","--","0.0","--","--","--","--","--","--","--","0:00","0.0","--","0:00","--","--","--","No","--"
running,2017-05-13 10:23:45,false,"Seattle Running","32.20","2,344","2:57:22","--","--","0.0","--","--","5:30","3:12","104","102","0.00","0.0","0.0","--","--","--","--","--","--","0.0","--","--","--","--","--","--","--","0:00","0.0","--","0:00","--","--","--","No","--"
running,2017-05-09 08:37:38,false,"Seattle Running","7.25","544","36:11","--","--","0.0","--","--","4:59","0:46","26","73","0.00","0.0","0.0","--","--","--","--","--","--","0.0","--","--","--","--","--","--","--","0:00","0.0","--","0:00","--","--","--","No","--"
running,2017-05-07 18:50:40,false,"Seattle Running","5.07","354","25:00","--","--","0.0","--","--","4:56","0:16","49","42","0.00","0.0","0.0","--","--","--","--","--","--","0.0","--","--","--","--","--","--","--","0:00","0.0","--","0:00","--","--","--","No","--"
running,2017-05-06 12:08:19,false,"Seattle Running","21.17","1,554","1:44:23","--","--","0.0","--","--","4:56","1:13","80","77","0.00","0.0","0.0","--","--","--","--","--","--","0.0","--","--","--","--","--","--","--","0:00","0.0","--","0:00","--","--","--","No","--"
running,2017-05-05 07:59:15,false,"Seattle Running","7.07","521","35:21","--","--","0.0","--","--","5:00","2:01","10","68","0.00","0.0","0.0","--","--","--","--","--","--","0.0","--","--","--","--","--","--","--","0:00","0.0","--","0:00","--","--","--","No","--"
running,2017-05-04 08:28:38,false,"Seattle Running","6.91","510","35:24","--","--","0.0","--","--","5:08","3:53","6","63","0.00","0.0","0.0","--","--","--","--","--","--","0.0","--","--","--","--","--","--","--","0:00","0.0","--","0:00","--","--","--","No","--"
running,2017-05-03 08:40:43,false,"Seattle Running","7.32","547","38:23","--","--","0.0","--","--","5:14","2:20","10","58","0.00","0.0","0.0","--","--","--","--","--","--","0.0","--","--","--","--","--","--","--","0:00","0.0","--","0:00","--","--","--","No","--"
running,2017-04-26 08:42:08,false,"Seattle Running","7.13","571","37:46","--","--","0.0","--","--","5:18","3:13","11","61","0.00","0.0","0.0","--","--","--","--","--","--","0.0","--","--","--","--","--","--","--","0:00","0.0","--","0:00","--","--","--","No","--"
running,2017-04-25 08:19:19,false,"Seattle Running","7.38","594","37:09","--","--","0.0","--","--","5:02","1:13","17","66","0.00","0.0","0.0","--","--","--","--","--","--","0.0","--","--","--","--","--","--","--","0:00","0.0","--","0:00","--","--","--","No","--"
running,2017-04-22 15:39:11,false,"Seattle Running","21.11","1,670","1:45:46","--","--","0.0","--","--","5:01","3:54","70","106","0.00","0.0","0.0","--","--","--","--","--","--","0.0","--","--","--","--","--","--","--","0:00","0.0","--","0:00","--","--","--","No","--"
running,2017-04-20 09:04:10,false,"Seattle Running","3.17","253","16:36","--","--","0.0","--","--","5:14","3:51","14","8","0.00","0.0","0.0","--","--","--","--","--","--","0.0","--","--","--","--","--","--","--","0:00","0.0","--","0:00","--","--","--","No","--"
running,2017-04-19 08:42:38,false,"Seattle Running","7.29","585","38:02","--","--","0.0","--","--","5:13","0:37","8","58","0.00","0.0","0.0","--","--","--","--","--","--","0.0","--","--","--","--","--","--","--","0:00","0.0","--","0:00","--","--","--","No","--"
running,2017-04-18 08:58:57,false,"Seattle Running","3.30","265","17:11","--","--","0.0","--","--","5:13","2:43","9","--","0.00","0.0","0.0","--","--","--","--","--","--","0.0","--","--","--","--","--","--","--","0:00","0.0","--","0:00","--","--","--","No","--"
running,2017-04-02 12:37:45,false,"Seattle Running","30.02","2,359","2:32:46","--","--","0.0","--","--","5:05","4:15","2","3","0.00","0.0","0.0","--","--","--","--","--","--","0.0","--","--","--","--","--","--","--","0:00","0.0","--","0:00","--","--","--","No","--"
running,2017-03-05 14:57:55,false,"Seattle Running","21.17","1,676","1:44:42","--","--","0.0","--","--","4:57","3:33","59","62","0.00","0.0","0.0","--","--","--","--","--","--","0.0","--","--","--","--","--","--","--","0:00","0.0","--","0:00","--","--","--","No","--"
running,2017-01-07 13:29:11,false,"Seattle Running","21.18","1,681","1:43:56","--","--","0.0","--","--","4:55","3:11","65","106","0.00","0.0","0.0","--","--","--","--","--","--","0.0","--","--","--","--","--","--","--","0:00","0.0","--","0:00","--","--","--","No","--"
running,2016-12-27 11:34:35,false,"Seattle Running","41.69","3,234","4:19:29","--","--","0.0","--","--","6:13","3:18","121","96","0.00","0.0","0.0","--","--","--","--","--","--","0.0","--","--","--","--","--","--","--","0:00","0.0","--","0:00","--","--","--","No","--"
running,2016-12-17 15:44:38,false,"Seattle Running","11.41","910","56:46","--","--","0.0","--","--","4:59","1:08","55","27","0.00","0.0","0.0","--","--","--","--","--","--","0.0","--","--","--","--","--","--","--","0:00","0.0","--","0:00","--","--","--","No","--"
running,2016-12-11 10:08:11,false,"Seattle Running","16.11","1,276","1:20:02","--","--","0.0","--","--","4:58","3:23","48","55","0.00","0.0","0.0","--","--","--","--","--","--","0.0","--","--","--","--","--","--","--","0:00","0.0","--","0:00","--","--","--","No","--"
running,2016-11-27 07:30:03,false,"Seattle Running","21.35","1,611","1:40:24","--","--","0.0","--","--","4:42","0:26","226","229","0.00","0.0","0.0","--","--","--","--","--","--","0.0","--","--","--","--","--","--","--","0:00","0.0","--","0:00","--","--","--","No","--"
running,2016-10-16 15:20:04,false,"Seattle Running","10.01","791","53:20","--","--","0.0","--","--","5:20","3:22","49","49","0.00","0.0","0.0","--","--","--","--","--","--","0.0","--","--","--","--","--","--","--","0:00","0.0","--","0:00","--","--","--","No","--"
running,2016-10-02 14:48:46,false,"Seattle Running","30.04","2,344","2:48:08","--","--","0.0","--","--","5:36","1:52","118","86","0.00","0.0","0.0","--","--","--","--","--","--","0.0","--","--","--","--","--","--","--","0:00","0.0","--","0:00","--","--","--","No","--"
running,2016-09-17 15:19:49,false,"Seattle Running","21.27","1,679","1:48:39","--","--","0.0","--","--","5:06","2:58","71","72","0.00","0.0","0.0","--","--","--","--","--","--","0.0","--","--","--","--","--","--","--","0:00","0.0","--","0:00","--","--","--","No","--"
running,2016-09-11 11:28:25,false,"Seattle Running","12.02","953","1:00:10","--","--","0.0","--","--","5:00","0:41","44","44","0.00","0.0","0.0","--","--","--","--","--","--","0.0","--","--","--","--","--","--","--","0:00","0.0","--","0:00","--","--","--","No","--"
running,2016-09-05 14:13:40,false,"Seattle Running","21.20","1,668","1:48:07","--","--","0.0","--","--","5:06","2:03","70","79","0.00","0.0","0.0","--","--","--","--","--","--","0.0","--","--","--","--","--","--","--","0:00","0.0","--","0:00","--","--","--","No","--"
running,2016-08-27 07:01:18,false,"Seattle Running","9.89","786","48:10","--","--","0.0","--","--","4:52","4:07","30","27","0.00","0.0","0.0","--","--","--","--","--","--","0.0","--","--","--","--","--","--","--","0:00","0.0","--","0:00","--","--","--","No","--"
running,2016-06-11 11:50:51,false,"Cambridge Running","13.01","1,021","1:12:56","--","--","0.0","--","--","5:36","4:34","8","10","0.00","0.0","0.0","--","--","--","--","--","--","0.0","--","--","--","--","--","--","--","0:00","0.0","--","0:00","--","--","--","No","--"
running,2016-06-08 18:36:59,false,"Cambridge Running","8.32","664","43:54","--","--","0.0","--","--","5:17","3:15","6","7","0.00","0.0","0.0","--","--","--","--","--","--","0.0","--","--","--","--","--","--","--","0:00","0.0","--","0:00","--","--","--","No","--"
running,2016-06-04 10:21:02,false,"Cambridge Running","13.01","1,028","1:15:48","--","--","0.0","--","--","5:50","4:30","6","6","0.00","0.0","0.0","--","--","--","--","--","--","0.0","--","--","--","--","--","--","--","0:00","0.0","--","0:00","--","--","--","No","--"
running,2016-05-30 17:24:09,false,"Cambridge Running","8.08","638","46:43","--","--","0.0","--","--","5:47","1:54","8","8","0.00","0.0","0.0","--","--","--","--","--","--","0.0","--","--","--","--","--","--","--","0:00","0.0","--","0:00","--","--","--","No","--"
running,2016-05-07 10:12:36,false,"Cambridge Running","13.18","1,043","1:09:37","--","--","0.0","--","--","5:17","3:11","7","7","0.00","0.0","0.0","--","--","--","--","--","--","0.0","--","--","--","--","--","--","--","0:00","0.0","--","0:00","--","--","--","No","--"
running,2016-04-30 10:07:35,false,"Cambridge Running","13.19","1,035","1:09:22","--","--","0.0","--","--","5:16","4:20","6","6","0.00","0.0","0.0","--","--","--","--","--","--","0.0","--","--","--","--","--","--","--","0:00","0.0","--","0:00","--","--","--","No","--"
running,2016-04-24 21:14:09,false,"Boston Running","4.32","309","33:16","--","--","0.0","--","--","7:42","4:31","--","--","0.00","0.0","0.0","--","--","--","--","--","--","0.0","--","--","--","--","--","--","--","0:00","0.0","--","0:00","--","--","--","No","--"
running,2016-04-23 11:09:34,false,"Cambridge Running","13.19","1,040","1:10:58","--","--","0.0","--","--","5:23","3:33","7","7","0.00","0.0","0.0","--","--","--","--","--","--","0.0","--","--","--","--","--","--","--","0:00","0.0","--","0:00","--","--","--","No","--"
running,2016-04-19 19:20:34,false,"Boston Running","3.29","223","25:39","--","--","0.0","--","--","7:48","4:56","--","--","0.00","0.0","0.0","--","--","--","--","--","--","0.0","--","--","--","--","--","--","--","0:00","0.0","--","0:00","--","--","--","No","--"
running,2016-04-09 15:11:12,false,"Cambridge Running","13.17","1,040","1:15:14","--","--","0.0","--","--","5:43","3:07","6","6","0.00","0.0","0.0","--","--","--","--","--","--","0.0","--","--","--","--","--","--","--","0:00","0.0","--","0:00","--","--","--","No","--"
running,2016-04-02 12:49:46,false,"Cambridge Running","13.21","1,038","1:11:14","--","--","0.0","--","--","5:24","4:13","6","7","0.00","0.0","0.0","--","--","--","--","--","--","0.0","--","--","--","--","--","--","--","0:00","0.0","--","0:00","--","--","--","No","--"
running,2016-03-26 13:56:36,false,"Cambridge Running","13.27","1,045","1:13:34","--","--","0.0","--","--","5:33","3:51","8","8","0.00","0.0","0.0","--","--","--","--","--","--","0.0","--","--","--","--","--","--","--","0:00","0.0","--","0:00","--","--","--","No","--"
running,2016-03-19 15:09:07,false,"Cambridge Running","13.53","1,069","1:18:15","--","--","0.0","--","--","5:47","3:49","6","6","0.00","0.0","0.0","--","--","--","--","--","--","0.0","--","--","--","--","--","--","--","0:00","0.0","--","0:00","--","--","--","No","--"
running,2015-11-03 14:07:15,false,"Cambridge Running","21.33","1,697","2:15:28","--","--","0.0","--","--","6:21","4:46","12","12","0.00","0.0","0.0","--","--","--","--","--","--","0.0","--","--","--","--","--","--","--","0:00","0.0","--","0:00","--","--","--","No","--"
running,2015-11-02 14:18:26,false,"Cambridge Running","14.22","1,126","1:25:00","--","--","0.0","--","--","5:59","3:03","13","13","0.00","0.0","0.0","--","--","--","--","--","--","0.0","--","--","--","--","--","--","--","0:00","0.0","--","0:00","--","--","--","No","--"
running,2015-10-28 14:10:52,false,"Cambridge Running","8.82","694","50:44","--","--","0.0","--","--","5:45","0:41","13","15","0.00","0.0","0.0","--","--","--","--","--","--","0.0","--","--","--","--","--","--","--","0:00","0.0","--","0:00","--","--","--","No","--"
running,2015-08-16 20:15:40,false,"Palo Alto Running","0.50","44","3:12.5","--","--","0.0","--","--","6:23","4:16","--","--","0.00","0.0","0.0","--","--","--","--","--","--","0.0","--","--","--","--","--","--","--","0:00","0.0","--","0:00","--","--","--","No","--"
running,2015-08-16 18:43:52,false,"Palo Alto Running","13.56","1,079","1:24:35","--","--","0.0","--","--","6:14","3:08","16","16","0.00","0.0","0.0","--","--","--","--","--","--","0.0","--","--","--","--","--","--","--","0:00","0.0","--","0:00","--","--","--","No","--"
running,2015-08-12 21:40:58,false,"Palo Alto Running","5.01","397","28:18","--","--","0.0","--","--","5:39","2:17","1","1","0.00","0.0","0.0","--","--","--","--","--","--","0.0","--","--","--","--","--","--","--","0:00","0.0","--","0:00","--","--","--","No","--"
running,2015-08-09 20:36:28,false,"Palo Alto Running","10.01","794","57:20","--","--","0.0","--","--","5:44","1:10","4","4","0.00","0.0","0.0","--","--","--","--","--","--","0.0","--","--","--","--","--","--","--","0:00","0.0","--","0:00","--","--","--","No","--"
running,2015-08-03 21:52:35,false,"Palo Alto Running","5.01","399","29:13","--","--","0.0","--","--","5:50","2:55","1","1","0.00","0.0","0.0","--","--","--","--","--","--","0.0","--","--","--","--","--","--","--","0:00","0.0","--","0:00","--","--","--","No","--"
running,2015-08-02 22:04:43,false,"Palo Alto Running","5.01","396","28:16","--","--","0.0","--","--","5:39","2:00","1","1","0.00","0.0","0.0","--","--","--","--","--","--","0.0","--","--","--","--","--","--","--","0:00","0.0","--","0:00","--","--","--","No","--"
running,2015-08-01 22:41:29,false,"Palo Alto Running","10.01","788","58:02","--","--","0.0","--","--","5:48","4:16","2","2","0.00","0.0","0.0","--","--","--","--","--","--","0.0","--","--","--","--","--","--","--","0:00","0.0","--","0:00","--","--","--","No","--"
running,2015-07-31 22:04:44,false,"Palo Alto Running","5.01","396","26:07","--","--","0.0","--","--","5:13","1:47","1","1","0.00","0.0","0.0","--","--","--","--","--","--","0.0","--","--","--","--","--","--","--","0:00","0.0","--","0:00","--","--","--","No","--"
running,2015-07-30 21:57:32,false,"Palo Alto Running","5.01","395","27:41","--","--","0.0","--","--","5:32","1:54","1","1","0.00","0.0","0.0","--","--","--","--","--","--","0.0","--","--","--","--","--","--","--","0:00","0.0","--","0:00","--","--","--","No","--"
running,2015-07-29 22:54:04,false,"Palo Alto Running","5.01","391","27:19","--","--","0.0","--","--","5:27","4:39","1","1","0.00","0.0","0.0","--","--","--","--","--","--","0.0","--","--","--","--","--","--","--","0:00","0.0","--","0:00","--","--","--","No","--"
running,2015-07-28 21:51:34,false,"Palo Alto Running","5.01","393","27:51","--","--","0.0","--","--","5:34","1:28","1","1","0.00","0.0","0.0","--","--","--","--","--","--","0.0","--","--","--","--","--","--","--","0:00","0.0","--","0:00","--","--","--","No","--"
running,2015-07-27 20:49:15,false,"Palo Alto Running","10.01","785","58:33","--","--","0.0","--","--","5:51","4:38","1","2","0.00","0.0","0.0","--","--","--","--","--","--","0.0","--","--","--","--","--","--","--","0:00","0.0","--","0:00","--","--","--","No","--"
running,2015-07-23 20:59:30,false,"Palo Alto Running","5.01","394","28:46","--","--","0.0","--","--","5:45","4:55","1","1","0.00","0.0","0.0","--","--","--","--","--","--","0.0","--","--","--","--","--","--","--","0:00","0.0","--","0:00","--","--","--","No","--"
running,2015-07-11 21:09:28,false,"Palo Alto Running","5.01","392","27:30","--","--","0.0","--","--","5:29","4:42","1","1","0.00","0.0","0.0","--","--","--","--","--","--","0.0","--","--","--","--","--","--","--","0:00","0.0","--","0:00","--","--","--","No","--"
running,2015-07-08 21:25:23,false,"Palo Alto Running","6.11","478","33:37","--","--","0.0","--","--","5:30","4:53","1","1","0.00","0.0","0.0","--","--","--","--","--","--","0.0","--","--","--","--","--","--","--","0:00","0.0","--","0:00","--","--","--","No","--"
running,2015-07-03 19:58:59,false,"Palo Alto Running","10.03","786","58:09","--","--","0.0","--","--","5:48","5:04","2","1","0.00","0.0","0.0","--","--","--","--","--","--","0.0","--","--","--","--","--","--","--","0:00","0.0","--","0:00","--","--","--","No","--"
running,2015-06-30 20:55:04,false,"Palo Alto Running","3.90","309","23:32","--","--","0.0","--","--","6:02","5:25","1","--","0.00","0.0","0.0","--","--","--","--","--","--","0.0","--","--","--","--","--","--","--","0:00","0.0","--","0:00","--","--","--","No","--"
running,2015-05-05 20:39:58,false,"Durham Running","6.01","471","30:54","--","--","0.0","--","--","5:09","4:42","9","8","0.00","0.0","0.0","--","--","--","--","--","--","0.0","--","--","--","--","--","--","--","0:00","0.0","--","0:00","--","--","--","No","--"
running,2015-05-04 01:56:26,false,"Untitled","0.00","--","30:18","--","--","0.0","--","--","--","--","--","--","0.00","0.0","0.0","--","--","--","--","--","--","0.0","--","--","--","--","--","--","--","0:00","0.0","--","0:00","--","--","--","No","--"
running,2015-04-29 20:48:06,false,"Durham Running","10.13","793","54:37","--","--","0.0","--","--","5:23","4:38","1","--","0.00","0.0","0.0","--","--","--","--","--","--","0.0","--","--","--","--","--","--","--","0:00","0.0","--","0:00","--","--","--","No","--"
running,2015-04-21 19:46:28,false,"Durham Running","10.01","786","53:08","--","--","0.0","--","--","5:19","4:35","15","9","0.00","0.0","0.0","--","--","--","--","--","--","0.0","--","--","--","--","--","--","--","0:00","0.0","--","0:00","--","--","--","No","--"
running,2015-04-16 21:57:41,false,"Durham Running","5.12","406","25:27","--","--","0.0","--","--","4:58","2:22","--","--","0.00","0.0","0.0","--","--","--","--","--","--","0.0","--","--","--","--","--","--","--","0:00","0.0","--","0:00","--","--","--","No","--"
running,2015-04-14 22:15:35,false,"Durham Running","5.01","396","24:00","--","--","0.0","--","--","4:47","3:59","1","4","0.00","0.0","0.0","--","--","--","--","--","--","0.0","--","--","--","--","--","--","--","0:00","0.0","--","0:00","--","--","--","No","--"
running,2015-04-11 21:05:01,false,"Durham Running","10.01","782","52:10","--","--","0.0","--","--","5:13","4:27","7","5","0.00","0.0","0.0","--","--","--","--","--","--","0.0","--","--","--","--","--","--","--","0:00","0.0","--","0:00","--","--","--","No","--"
running,2015-04-09 19:18:06,false,"Durham Running","5.01","395","25:20","--","--","0.0","--","--","5:03","1:06","13","8","0.00","0.0","0.0","--","--","--","--","--","--","0.0","--","--","--","--","--","--","--","0:00","0.0","--","0:00","--","--","--","No","--"
running,2015-04-07 21:25:04,false,"Durham Running","5.01","392","26:36","--","--","0.0","--","--","5:19","4:48","--","--","0.00","0.0","0.0","--","--","--","--","--","--","0.0","--","--","--","--","--","--","--","0:00","0.0","--","0:00","--","--","--","No","--"
running,2015-04-04 21:02:35,false,"Durham Running","10.13","792","57:58","--","--","0.0","--","--","5:43","3:10","24","16","0.00","0.0","0.0","--","--","--","--","--","--","0.0","--","--","--","--","--","--","--","0:00","0.0","--","0:00","--","--","--","No","--"
running,2015-04-02 20:15:42,false,"Durham Running","10.02","783","56:42","--","--","0.0","--","--","5:39","4:13","17","15","0.00","0.0","0.0","--","--","--","--","--","--","0.0","--","--","--","--","--","--","--","0:00","0.0","--","0:00","--","--","--","No","--"
running,2015-03-29 20:06:02,false,"Durham Running","10.02","783","57:26","--","--","0.0","--","--","5:44","5:04","9","8","0.00","0.0","0.0","--","--","--","--","--","--","0.0","--","--","--","--","--","--","--","0:00","0.0","--","0:00","--","--","--","No","--"
running,2015-03-15 20:48:11,false,"Durham Running","5.10","397","28:28","--","--","0.0","--","--","5:35","4:55","4","2","0.00","0.0","0.0","--","--","--","--","--","--","0.0","--","--","--","--","--","--","--","0:00","0.0","--","0:00","--","--","--","No","--"
running,2015-03-07 17:29:29,false,"Durham Running","10.03","784","56:02","--","--","0.0","--","--","5:35","4:31","17","15","0.00","0.0","0.0","--","--","--","--","--","--","0.0","--","--","--","--","--","--","--","0:00","0.0","--","0:00","--","--","--","No","--"
running,2015-01-25 16:42:36,false,"Durham Running","10.02","783","53:25","--","--","0.0","--","--","5:20","4:24","9","8","0.00","0.0","0.0","--","--","--","--","--","--","0.0","--","--","--","--","--","--","--","0:00","0.0","--","0:00","--","--","--","No","--"
running,2015-01-18 19:29:35,false,"Durham Running","5.03","392","26:47","--","--","0.0","--","--","5:19","4:45","11","10","0.00","0.0","0.0","--","--","--","--","--","--","0.0","--","--","--","--","--","--","--","0:00","0.0","--","0:00","--","--","--","No","--"
running,2015-01-11 20:16:11,false,"Durham Running","10.12","792","54:11","--","--","0.0","--","--","5:21","4:41","18","18","0.00","0.0","0.0","--","--","--","--","--","--","0.0","--","--","--","--","--","--","--","0:00","0.0","--","0:00","--","--","--","No","--"
running,2015-01-05 01:48:35,false,"Untitled","0.00","--","22:00","--","--","0.0","--","--","--","--","--","--","0.00","0.0","0.0","--","--","--","--","--","--","0.0","--","--","--","--","--","--","--","0:00","0.0","--","0:00","--","--","--","No","--"
running,2015-01-04 01:30:36,false,"Untitled","0.00","--","25:14","--","--","0.0","--","--","--","--","--","--","0.00","0.0","0.0","--","--","--","--","--","--","0.0","--","--","--","--","--","--","--","0:00","0.0","--","0:00","--","--","--","No","--"
running,2014-12-28 20:20:54,false,"Durham Running","5.02","392","27:14","--","--","0.0","--","--","5:25","2:41","2","4","0.00","0.0","0.0","--","--","--","--","--","--","0.0","--","--","--","--","--","--","--","0:00","0.0","--","0:00","--","--","--","No","--"
running,2014-11-30 16:38:38,false,"Durham Running","10.03","787","54:50","--","--","0.0","--","--","5:28","4:20","10","9","0.00","0.0","0.0","--","--","--","--","--","--","0.0","--","--","--","--","--","--","--","0:00","0.0","--","0:00","--","--","--","No","--"
running,2014-11-24 20:31:15,false,"Durham Running","10.04","788","54:08","--","--","0.0","--","--","5:24","4:08","11","5","0.00","0.0","0.0","--","--","--","--","--","--","0.0","--","--","--","--","--","--","--","0:00","0.0","--","0:00","--","--","--","No","--"
running,2014-11-12 21:13:28,false,"Durham Running","22.03","1,727","2:04:35","--","--","0.0","--","--","5:39","4:48","6","6","0.00","0.0","0.0","--","--","--","--","--","--","0.0","--","--","--","--","--","--","--","0:00","0.0","--","0:00","--","--","--","No","--"
running,2014-10-27 20:27:59,false,"Durham Running","10.04","794","48:24","--","--","0.0","--","--","4:49","4:17","6","6","0.00","0.0","0.0","--","--","--","--","--","--","0.0","--","--","--","--","--","--","--","0:00","0.0","--","0:00","--","--","--","No","--"
running,2014-10-23 21:03:30,false,"Durham Running","5.01","398","23:32","--","--","0.0","--","--","4:42","3:43","6","--","0.00","0.0","0.0","--","--","--","--","--","--","0.0","--","--","--","--","--","--","--","0:00","0.0","--","0:00","--","--","--","No","--"
running,2014-10-19 19:01:53,false,"Durham Running","10.04","793","49:19","--","--","0.0","--","--","4:55","1:19","5","3","0.00","0.0","0.0","--","--","--","--","--","--","0.0","--","--","--","--","--","--","--","0:00","0.0","--","0:00","--","--","--","No","--"
running,2014-10-16 20:11:34,false,"Durham Running","10.02","788","50:30","--","--","0.0","--","--","5:02","4:15","12","10","0.00","0.0","0.0","--","--","--","--","--","--","0.0","--","--","--","--","--","--","--","0:00","0.0","--","0:00","--","--","--","No","--"
running,2014-10-07 20:28:36,false,"Durham Running","10.14","794","56:28","--","--","0.0","--","--","5:34","4:47","5","5","0.00","0.0","0.0","--","--","--","--","--","--","0.0","--","--","--","--","--","--","--","0:00","0.0","--","0:00","--","--","--","No","--"
running,2014-10-03 19:31:11,false,"Durham Running","10.28","805","54:27","--","--","0.0","--","--","5:18","4:08","5","6","0.00","0.0","0.0","--","--","--","--","--","--","0.0","--","--","--","--","--","--","--","0:00","0.0","--","0:00","--","--","--","No","--"
running,2014-09-27 19:54:37,false,"Durham Running","5.03","397","24:48","--","--","0.0","--","--","4:56","4:23","--","--","0.00","0.0","0.0","--","--","--","--","--","--","0.0","--","--","--","--","--","--","--","0:00","0.0","--","0:00","--","--","--","No","--"
running,2014-09-11 20:17:07,false,"Durham Running","10.01","782","56:32","--","--","0.0","--","--","5:39","4:52","11","10","0.00","0.0","0.0","--","--","--","--","--","--","0.0","--","--","--","--","--","--","--","0:00","0.0","--","0:00","--","--","--","No","--"
running,2014-09-02 20:27:42,false,"Durham Running","10.06","787","58:50","--","--","0.0","--","--","5:51","4:10","11","10","0.00","0.0","0.0","--","--","--","--","--","--","0.0","--","--","--","--","--","--","--","0:00","0.0","--","0:00","--","--","--","No","--"
running,2014-08-31 19:40:13,false,"Durham Running","8.09","635","46:32","--","--","0.0","--","--","5:45","4:53","15","13","0.00","0.0","0.0","--","--","--","--","--","--","0.0","--","--","--","--","--","--","--","0:00","0.0","--","0:00","--","--","--","No","--"
running,2014-08-26 19:57:05,false,"Durham Running","10.04","786","58:16","--","--","0.0","--","--","5:48","4:49","3","3","0.00","0.0","0.0","--","--","--","--","--","--","0.0","--","--","--","--","--","--","--","0:00","0.0","--","0:00","--","--","--","No","--"
running,2014-08-20 08:23:00,false,"Durham Running","10.02","782","56:20","--","--","0.0","--","--","5:37","4:56","12","15","0.00","0.0","0.0","--","--","--","--","--","--","0.0","--","--","--","--","--","--","--","0:00","0.0","--","0:00","--","--","--","No","--"
running,2014-08-13 09:00:07,false,"Durham Running","5.03","391","26:24","--","--","0.0","--","--","5:15","4:48","11","9","0.00","0.0","0.0","--","--","--","--","--","--","0.0","--","--","--","--","--","--","--","0:00","0.0","--","0:00","--","--","--","No","--"
running,2014-08-11 12:37:34,false,"Untitled","0.00","--","29:31","--","--","0.0","--","--","--","--","--","--","0.00","0.0","0.0","--","--","--","--","--","--","0.0","--","--","--","--","--","--","--","0:00","0.0","--","0:00","--","--","--","No","--"
running,2014-08-11 12:05:19,false,"Untitled","0.00","--","26:53","--","--","0.0","--","--","--","--","--","--","0.00","0.0","0.0","--","--","--","--","--","--","0.0","--","--","--","--","--","--","--","0:00","0.0","--","0:00","--","--","--","No","--"
running,2014-08-08 09:20:55,false,"Durham Running","5.03","392","26:49","--","--","0.0","--","--","5:20","4:56","7","5","0.00","0.0","0.0","--","--","--","--","--","--","0.0","--","--","--","--","--","--","--","0:00","0.0","--","0:00","--","--","--","No","--"
running,2014-08-04 09:05:07,false,"Durham Running","5.03","392","28:26","--","--","0.0","--","--","5:39","5:02","8","6","0.00","0.0","0.0","--","--","--","--","--","--","0.0","--","--","--","--","--","--","--","0:00","0.0","--","0:00","--","--","--","No","--"
running,2014-08-02 14:57:33,false,"Durham Running","5.27","413","31:01","--","--","0.0","--","--","5:53","5:17","6","5","0.00","0.0","0.0","--","--","--","--","--","--","0.0","--","--","--","--","--","--","--","0:00","0.0","--","0:00","--","--","--","No","--"
running,2014-07-31 00:11:22,false,"Untitled","0.00","--","1:00:31","--","--","0.0","--","--","--","--","--","--","0.00","0.0","0.0","--","--","--","--","--","--","0.0","--","--","--","--","--","--","--","0:00","0.0","--","0:00","--","--","--","No","--"
running,2014-07-28 11:50:11,false,"Untitled","0.00","--","31:00","--","--","0.0","--","--","--","--","--","--","0.00","0.0","0.0","--","--","--","--","--","--","0.0","--","--","--","--","--","--","--","0:00","0.0","--","0:00","--","--","--","No","--"
running,2014-07-16 12:10:03,false,"Untitled","0.00","--","35:39","--","--","0.0","--","--","--","--","--","--","0.00","0.0","0.0","--","--","--","--","--","--","0.0","--","--","--","--","--","--","--","0:00","0.0","--","0:00","--","--","--","No","--"
running,2014-07-09 11:45:29,false,"Untitled","0.00","--","28:29","--","--","0.0","--","--","--","--","--","--","0.00","0.0","0.0","--","--","--","--","--","--","0.0","--","--","--","--","--","--","--","0:00","0.0","--","0:00","--","--","--","No","--"
running,2014-07-02 08:00:42,false,"Durham Running","5.03","396","31:40","--","--","0.0","--","--","6:18","4:02","13","10","0.00","0.0","0.0","--","--","--","--","--","--","0.0","--","--","--","--","--","--","--","0:00","0.0","--","0:00","--","--","--","No","--"
running,2014-06-25 08:21:39,false,"Durham Running","2.52","198","14:43","--","--","0.0","--","--","5:50","5:26","4","6","0.00","0.0","0.0","--","--","--","--","--","--","0.0","--","--","--","--","--","--","--","0:00","0.0","--","0:00","--","--","--","No","--"
running,2014-06-20 07:11:25,false,"Durham Running","5.03","396","30:03","--","--","0.0","--","--","5:58","5:15","9","3","0.00","0.0","0.0","--","--","--","--","--","--","0.0","--","--","--","--","--","--","--","0:00","0.0","--","0:00","--","--","--","No","--"
running,2014-06-10 15:57:43,false,"Durham Running","5.02","391","29:27","--","--","0.0","--","--","5:52","5:03","10","4","0.00","0.0","0.0","--","--","--","--","--","--","0.0","--","--","--","--","--","--","--","0:00","0.0","--","0:00","--","--","--","No","--"
running,2014-06-05 09:05:26,false,"Durham Running","3.01","234","17:05","--","--","0.0","--","--","5:41","4:49","--","--","0.00","0.0","0.0","--","--","--","--","--","--","0.0","--","--","--","--","--","--","--","0:00","0.0","--","0:00","--","--","--","No","--"
running,2014-06-02 08:13:36,false,"Durham Running","3.04","238","17:43","--","--","0.0","--","--","5:50","5:07","4","4","0.00","0.0","0.0","--","--","--","--","--","--","0.0","--","--","--","--","--","--","--","0:00","0.0","--","0:00","--","--","--","No","--"
running,2014-05-29 09:31:38,false,"Durham Running","1.53","119","8:46.5","--","--","0.0","--","--","5:44","5:03","--","--","0.00","0.0","0.0","--","--","--","--","--","--","0.0","--","--","--","--","--","--","--","0:00","0.0","--","0:00","--","--","--","No","--"
running,2014-05-26 09:32:32,false,"Durham Running","5.22","407","28:11","--","--","0.0","--","--","5:24","4:55","14","8","0.00","0.0","0.0","--","--","--","--","--","--","0.0","--","--","--","--","--","--","--","0:00","0.0","--","0:00","--","--","--","No","--"
running,2014-05-22 13:20:31,false,"Untitled","0.00","--","28:07","--","--","0.0","--","--","--","--","--","--","0.00","0.0","0.0","--","--","--","--","--","--","0.0","--","--","--","--","--","--","--","0:00","0.0","--","0:00","--","--","--","No","--"
running,2014-05-14 12:47:43,false,"Untitled","0.00","--","17:09","--","--","0.0","--","--","--","--","--","--","0.00","0.0","0.0","--","--","--","--","--","--","0.0","--","--","--","--","--","--","--","0:00","0.0","--","0:00","--","--","--","No","--"
running,2014-04-14 07:40:30,false,"Durham Running","0.43","35","2:23.7","--","--","0.0","--","--","5:37","4:20","--","--","0.00","0.0","0.0","--","--","--","--","--","--","0.0","--","--","--","--","--","--","--","0:00","0.0","--","0:00","--","--","--","No","--"
running,2014-04-12 19:54:59,false,"Durham Running","4.03","315","22:41","--","--","0.0","--","--","5:37","4:32","5","5","0.00","0.0","0.0","--","--","--","--","--","--","0.0","--","--","--","--","--","--","--","0:00","0.0","--","0:00","--","--","--","No","--"
running,2014-03-10 19:39:30,false,"Durham Running","5.04","393","30:40","--","--","0.0","--","--","6:05","4:43","5","3","0.00","0.0","0.0","--","--","--","--","--","--","0.0","--","--","--","--","--","--","--","0:00","0.0","--","0:00","--","--","--","No","--"
running,2014-01-15 08:24:44,false,"Durham Running","3.04","251","16:26","--","--","0.0","--","--","5:25","4:24","2","--","0.00","0.0","0.0","--","--","--","--","--","--","0.0","--","--","--","--","--","--","--","0:00","0.0","--","0:00","--","--","--","No","--"
running,2014-01-13 08:41:55,false,"Durham Running","2.51","209","13:50","--","--","0.0","--","--","5:31","4:41","8","2","0.00","0.0","0.0","--","--","--","--","--","--","0.0","--","--","--","--","--","--","--","0:00","0.0","--","0:00","--","--","--","No","--"
running,2013-11-18 08:57:42,false,"Durham Running","5.11","424","25:24","--","--","0.0","--","--","4:58","4:08","19","15","0.00","0.0","0.0","--","--","--","--","--","--","0.0","--","--","--","--","--","--","--","0:00","0.0","--","0:00","--","--","--","No","--"
running,2013-11-11 09:05:26,false,"Durham Running","2.05","171","10:18","--","--","0.0","--","--","5:02","3:49","--","1","0.00","0.0","0.0","--","--","--","--","--","--","0.0","--","--","--","--","--","--","--","0:00","0.0","--","0:00","--","--","--","No","--"
running,2013-10-25 08:58:04,false,"Durham Running","5.04","418","24:21","--","--","0.0","--","--","4:50","1:16","11","9","0.00","0.0","0.0","--","--","--","--","--","--","0.0","--","--","--","--","--","--","--","0:00","0.0","--","0:00","--","--","--","No","--"
running,2013-10-23 08:53:48,false,"Durham Running","5.07","422","25:19","--","--","0.0","--","--","4:59","3:49","7","8","0.00","0.0","0.0","--","--","--","--","--","--","0.0","--","--","--","--","--","--","--","0:00","0.0","--","0:00","--","--","--","No","--"
running,2013-10-19 13:46:25,false,"Durham Running","10.03","828","52:51","--","--","0.0","--","--","5:16","4:40","7","11","0.00","0.0","0.0","--","--","--","--","--","--","0.0","--","--","--","--","--","--","--","0:00","0.0","--","0:00","--","--","--","No","--"
running,2013-10-16 09:02:26,false,"Durham Running","5.03","409","24:07","--","--","0.0","--","--","4:48","1:54","8","6","0.00","0.0","0.0","--","--","--","--","--","--","0.0","--","--","--","--","--","--","--","0:00","0.0","--","0:00","--","--","--","No","--"
running,2013-10-14 08:53:32,false,"Untitled","10.03","833","50:15","--","--","0.0","--","--","5:01","4:25","138","132","0.00","0.0","0.0","--","--","--","--","--","--","0.0","--","--","--","--","--","--","--","0:00","0.0","--","0:00","--","--","--","No","--"
running,2013-10-09 08:26:20,false,"Untitled","10.06","833","51:33","--","--","0.0","--","--","5:08","4:21","135","128","0.00","0.0","0.0","--","--","--","--","--","--","0.0","--","--","--","--","--","--","--","0:00","0.0","--","0:00","--","--","--","No","--"
running,2013-10-07 08:26:10,false,"Untitled","10.19","842","53:21","--","--","0.0","--","--","5:14","4:38","--","--","0.00","0.0","0.0","--","--","--","--","--","--","0.0","--","--","--","--","--","--","--","0:00","0.0","--","0:00","--","--","--","No","--"
running,2013-10-04 08:25:39,false,"Untitled","10.30","851","54:42","--","--","0.0","--","--","5:19","4:39","139","133","0.00","0.0","0.0","--","--","--","--","--","--","0.0","--","--","--","--","--","--","--","0:00","0.0","--","0:00","--","--","--","No","--"
running,2013-10-02 08:50:22,false,"Untitled","8.01","663","41:14","--","--","0.0","--","--","5:09","4:35","101","101","0.00","0.0","0.0","--","--","--","--","--","--","0.0","--","--","--","--","--","--","--","0:00","0.0","--","0:00","--","--","--","No","--"
running,2013-09-30 08:38:16,false,"Untitled","7.05","580","37:41","--","--","0.0","--","--","5:21","4:37","96","87","0.00","0.0","0.0","--","--","--","--","--","--","0.0","--","--","--","--","--","--","--","0:00","0.0","--","0:00","--","--","--","No","--"
running,2013-09-27 08:44:37,false,"Untitled","10.27","846","54:40","--","--","0.0","--","--","5:19","4:39","138","130","0.00","0.0","0.0","--","--","--","--","--","--","0.0","--","--","--","--","--","--","--","0:00","0.0","--","0:00","--","--","--","No","--"
running,2013-09-25 08:33:52,false,"Untitled","10.24","846","54:20","--","--","0.0","--","--","5:18","4:37","140","133","0.00","0.0","0.0","--","--","--","--","--","--","0.0","--","--","--","--","--","--","--","0:00","0.0","--","0:00","--","--","--","No","--"
running,2013-09-23 08:22:55,false,"Untitled","10.26","848","53:51","--","--","0.0","--","--","5:15","4:39","138","131","0.00","0.0","0.0","--","--","--","--","--","--","0.0","--","--","--","--","--","--","--","0:00","0.0","--","0:00","--","--","--","No","--"
running,2013-09-20 08:26:01,false,"Untitled","10.02","823","54:57","--","--","0.0","--","--","5:29","4:40","134","136","0.00","0.0","0.0","--","--","--","--","--","--","0.0","--","--","--","--","--","--","--","0:00","0.0","--","0:00","--","--","--","No","--"
running,2013-09-18 08:00:41,false,"Untitled","15.48","1,125","1:24:51","--","--","0.0","--","--","5:29","4:37","208","200","0.00","0.0","0.0","--","--","--","--","--","--","0.0","--","--","--","--","--","--","--","0:00","0.0","--","0:00","--","--","--","No","--"
